feature_scoring,pruning,downstream_train,inference_eval,probe_train,gradient_confidence,stability_scoring,total,test_acc,method,dataset,seed,num_edges_before,num_edges_after,prune_ratio_actual
0.07767081260681152,0.9650969505310059,0.4831414222717285,0.0,0.0,0.0,0.0,1.525909185409546,0.608,Feature-only,Cora,0,13722,10978,0.19997084973036006
0.00032329559326171875,0.9312593936920166,0.21317338943481445,0.0,0.15281271934509277,2.6888935565948486,2.5389482975006104,6.5254106521606445,0.653,StabilityResidual-v5-dp0.15-grad-frozen,Cora,0,13722,10978,0.19997084973036006
