Dataset,Model,DegreeAwareRandom,DegreeAwareRandom_mean,EdgeBench-Transfer,EdgeBench-Transfer_mean,Feature-only,Feature-only_mean,GCN-Jaccard,GCN-Jaccard_mean,GraGE-FO,GraGE-FO_mean,GraGE-Unrolled-K1,GraGE-Unrolled-K1_mean,GraGE-Unrolled-K3,GraGE-Unrolled-K3_mean,Original+Noise,Original+Noise_mean,Random-Matched,Random-Matched_mean
CiteSeer,GCN,0.6238 ± 0.0267,0.6237777777777778,0.5237 ± 0.0293,0.5236666666666667,0.6583 ± 0.0191,0.6583333333333334,0.6627 ± 0.0181,0.6626666666666667,0.6012 ± 0.0259,0.6012222222222222,0.6366 ± 0.0225,0.6365555555555555,0.6357 ± 0.0240,0.6356666666666667,0.6297 ± 0.0221,0.6296666666666666,0.6102 ± 0.0275,0.6102222222222222
Cora,GCN,0.7032 ± 0.0240,0.7032222222222222,0.5199 ± 0.0301,0.519888888888889,0.7246 ± 0.0163,0.7245555555555555,0.7236 ± 0.0147,0.7235555555555555,0.7028 ± 0.0216,0.7027777777777778,0.7069 ± 0.0195,0.7068888888888889,0.7079 ± 0.0196,0.7078888888888888,0.7323 ± 0.0196,0.7323333333333334,0.7014 ± 0.0248,0.7014444444444444
PubMed,GCN,0.7027 ± 0.0417,0.7026666666666667,0.6330 ± 0.0545,0.633,0.7548 ± 0.0216,0.7547777777777778,0.7513 ± 0.0251,0.7513333333333334,0.6767 ± 0.0461,0.6766666666666666,0.7172 ± 0.0306,0.7172222222222222,0.7159 ± 0.0287,0.7158888888888888,0.7193 ± 0.0376,0.7193333333333334,0.7068 ± 0.0369,0.7067777777777777
